{
  "ACC": 0.20220999419689178,
  "BWT": -0.8511111736297607,
  "TBWT": -0.8574312925338745,
  "CBWT": -0.8621473908424377
}