{
  "ACC": 0.3193899989128113,
  "BWT": -0.7271666526794434,
  "TBWT": -0.6010000705718994,
  "CBWT": -0.6878445744514465
}