{
  "ACC": 0.42552000284194946,
  "BWT": -0.6081444621086121,
  "TBWT": -0.5133822560310364,
  "CBWT": -0.6219495534896851
}