{
  "ACC": 0.7475000619888306,
  "BWT": -0.24827776849269867,
  "TBWT": -0.16844002902507782,
  "CBWT": -0.28139689564704895
}