{
  "ACC": 0.20481999218463898,
  "BWT": -0.8505111336708069,
  "TBWT": -0.8599022626876831,
  "CBWT": -0.8621222972869873
}