{
  "ACC": 0.7882399559020996,
  "BWT": -0.2005777657032013,
  "TBWT": -0.13306446373462677,
  "CBWT": -0.2194899171590805
}