{
  "ACC": 0.42667001485824585,
  "BWT": -0.6079444289207458,
  "TBWT": -0.4733444154262543,
  "CBWT": -0.5943248867988586
}