{
  "ACC": 0.4474000036716461,
  "BWT": -0.5879444479942322,
  "TBWT": -0.4637066721916199,
  "CBWT": -0.5783385634422302
}