{
  "ACC": 0.7640599608421326,
  "BWT": -0.22755557298660278,
  "TBWT": -0.14238667488098145,
  "CBWT": -0.24235858023166656
}