{
  "ACC": 0.19110000133514404,
  "BWT": -0.8666444420814514,
  "TBWT": -0.8630399703979492,
  "CBWT": -0.8729566931724548
}