{
  "ACC": 0.27571001648902893,
  "BWT": -0.7764666676521301,
  "TBWT": -0.6728599667549133,
  "CBWT": -0.7553204298019409
}