{
  "ACC": 0.19482000172138214,
  "BWT": -0.8642111420631409,
  "TBWT": -0.861859917640686,
  "CBWT": -0.8679709434509277
}