{
  "ACC": 0.7421900033950806,
  "BWT": -0.25893333554267883,
  "TBWT": -0.2004244476556778,
  "CBWT": -0.2742232382297516
}