{
  "ACC": 0.1984499990940094,
  "BWT": -0.858311116695404,
  "TBWT": -0.8634555339813232,
  "CBWT": -0.8670145869255066
}