{
  "ACC": 0.19051000475883484,
  "BWT": -0.859499990940094,
  "TBWT": -0.8567288517951965,
  "CBWT": -0.8623932003974915
}