{
  "ACC": 0.7508200407028198,
  "BWT": -0.2396777719259262,
  "TBWT": -0.16798442602157593,
  "CBWT": -0.2720658481121063
}