{
  "ACC": 0.41985002160072327,
  "BWT": -0.6124333739280701,
  "TBWT": -0.48139333724975586,
  "CBWT": -0.6053162217140198
}