{
  "ACC": 0.7397600412368774,
  "BWT": -0.2535555362701416,
  "TBWT": -0.16512219607830048,
  "CBWT": -0.2779981791973114
}