{
  "ACC": 0.18377000093460083,
  "BWT": -0.8439555764198303,
  "TBWT": -0.8448089361190796,
  "CBWT": -0.8570727705955505
}