{
  "ACC": 0.7282400131225586,
  "BWT": -0.27325552701950073,
  "TBWT": -0.19376665353775024,
  "CBWT": -0.2688884735107422
}