{
  "ACC": 0.24401000142097473,
  "BWT": -0.8103110790252686,
  "TBWT": -0.7222155332565308,
  "CBWT": -0.7867666482925415
}